,¿¬µµ,¼øÀ§,ÆÀ¸í
0,2015,1,µÎ»ê
1,2015,2,»ï¼º
2,2015,3,NC
3,2015,4,Å°¿ò
4,2015,5,SK
5,2015,6,ÇÑÈ­
6,2015,7,KIA
7,2015,8,·Ôµ¥
8,2015,9,LG
9,2015,10,KT
10,2016,1,µÎ»ê
11,2016,2,NC
12,2016,3,Å°¿ò
13,2016,4,LG
14,2016,5,KIA
15,2016,6,SK
16,2016,7,ÇÑÈ­
17,2016,8,·Ôµ¥
18,2016,9,»ï¼º
19,2016,10,KT
20,2017,1,KIA
21,2017,2,µÎ»ê
22,2017,3,·Ôµ¥
23,2017,4,NC
24,2017,5,SK
25,2017,6,LG
26,2017,7,Å°¿ò
27,2017,8,ÇÑÈ­
28,2017,9,»ï¼º
29,2017,10,KT
30,2018,1,SK
31,2018,2,µÎ»ê
32,2018,3,ÇÑÈ­
33,2018,4,Å°¿ò
34,2018,5,KIA
35,2018,6,»ï¼º
36,2018,7,·Ôµ¥
37,2018,8,LG
38,2018,9,KT
39,2018,10,NC
40,2019,1,µÎ»ê
41,2019,2,Å°¿ò
42,2019,3,SK
43,2019,4,LG
44,2019,5,NC
45,2019,6,KT
46,2019,7,KIA
47,2019,8,»ï¼º
48,2019,9,ÇÑÈ­
49,2019,10,·Ôµ¥
