,찗옷,,챶,R/G,狗牡,천콪,OPS,줲/,ISO,RC/27,옷쫞
0,2015,3,온,8.0,0.415,0.525,0.94,0.61,0.222,8.48,0.413
1,2015,3,왍,6.5,0.35200000000000004,0.516,0.868,1.2,0.21899999999999997,6.44,0.37200000000000005
2,2015,3,KIA,5.0,0.38,0.55,0.93,1.29,0.267,7.82,0.402
3,2015,3,庸,5.67,0.379,0.469,0.848,0.67,0.15,7.36,0.379
4,2015,3,홛,4.5,0.385,0.35100000000000003,0.736,0.81,0.094,5.18,0.348
5,2015,3,SK,4.0,0.311,0.344,0.655,0.69,0.125,3.58,0.301
6,2015,3,Hero,4.0,0.318,0.342,0.66,0.71,0.13699999999999998,4.08,0.306
7,2015,3,LG,2.67,0.36200000000000004,0.40399999999999997,0.7659999999999999,0.59,0.106,4.97,0.348
8,2015,3,KT,6.33,0.40299999999999997,0.41200000000000003,0.815,0.86,0.128,5.75,0.369
9,2015,3,NC,2.5,0.32899999999999996,0.313,0.642,0.67,0.044000000000000004,3.6,0.299
10,2015,4,庸,5.35,0.353,0.46799999999999997,0.821,0.64,0.19699999999999998,5.77,0.36
11,2015,4,왍,5.77,0.36,0.445,0.805,0.66,0.16399999999999998,5.45,0.358
12,2015,4,LG,4.78,0.35600000000000004,0.384,0.74,0.57,0.125,4.77,0.33799999999999997
13,2015,4,SK,5.46,0.374,0.40700000000000003,0.7809999999999999,0.6,0.129,5.51,0.35600000000000004
14,2015,4,홛,4.5,0.34299999999999997,0.389,0.732,0.5,0.13,4.51,0.331
15,2015,4,Hero,6.56,0.371,0.496,0.867,0.42,0.19699999999999998,6.58,0.382
16,2015,4,온,5.59,0.36,0.452,0.812,0.5,0.188,5.66,0.36200000000000004
17,2015,4,NC,5.86,0.34700000000000003,0.439,0.7859999999999999,0.4,0.163,5.74,0.349
18,2015,4,KIA,4.52,0.332,0.358,0.69,0.47,0.10800000000000001,4.12,0.316
19,2015,4,KT,2.18,0.29,0.295,0.585,0.37,0.087,2.93,0.273
20,2015,5,NC,6.31,0.376,0.48200000000000004,0.858,0.5,0.182,6.71,0.379
21,2015,5,Hero,6.26,0.37200000000000005,0.494,0.866,0.45,0.2,6.59,0.38
22,2015,5,庸,5.8,0.375,0.43700000000000006,0.812,0.74,0.15,6.02,0.364
23,2015,5,왍,5.3,0.368,0.409,0.777,0.72,0.132,5.37,0.35200000000000004
24,2015,5,온,6.15,0.37799999999999995,0.503,0.8809999999999999,0.45,0.2,6.81,0.387
25,2015,5,SK,4.0,0.337,0.371,0.708,0.48,0.11900000000000001,4.35,0.324
26,2015,5,홛,5.26,0.353,0.39799999999999996,0.7509999999999999,0.58,0.141,4.85,0.33899999999999997
27,2015,5,KIA,5.0,0.34700000000000003,0.405,0.752,0.43,0.138,4.98,0.33899999999999997
28,2015,5,LG,4.62,0.324,0.389,0.713,0.36,0.13699999999999998,4.38,0.321
29,2015,5,KT,4.18,0.341,0.35600000000000004,0.6970000000000001,0.46,0.09300000000000001,4.19,0.319
30,2015,6,Hero,6.29,0.374,0.465,0.8390000000000001,0.61,0.17600000000000002,6.24,0.373
31,2015,6,LG,5.0,0.35,0.428,0.778,0.43,0.151,5.35,0.348
32,2015,6,KIA,4.0,0.301,0.381,0.682,0.31,0.14400000000000002,3.91,0.307
33,2015,6,홛,5.04,0.361,0.434,0.795,0.46,0.157,5.48,0.35600000000000004
34,2015,6,庸,5.86,0.36700000000000005,0.489,0.856,0.4,0.177,6.42,0.377
35,2015,6,왍,5.7,0.36700000000000005,0.425,0.792,0.61,0.124,5.63,0.35700000000000004
36,2015,6,NC,5.14,0.35,0.42,0.77,0.57,0.149,5.42,0.345
37,2015,6,KT,5.65,0.353,0.456,0.809,0.44,0.166,6.05,0.358
38,2015,6,SK,4.73,0.335,0.381,0.716,0.4,0.107,4.53,0.326
39,2015,6,온,3.76,0.31,0.38299999999999995,0.693,0.34,0.141,3.89,0.311
40,2015,7,庸,7.52,0.387,0.489,0.8759999999999999,0.61,0.16399999999999998,7.12,0.387
41,2015,7,Hero,7.0,0.396,0.5379999999999999,0.934,0.54,0.21100000000000002,7.98,0.406
42,2015,7,왍,5.76,0.374,0.455,0.8290000000000001,0.81,0.16,6.07,0.368
43,2015,7,SK,4.37,0.355,0.429,0.784,0.44,0.149,5.01,0.35100000000000003
44,2015,7,온,5.04,0.353,0.413,0.7659999999999999,0.48,0.136,5.01,0.34299999999999997
45,2015,7,홛,5.35,0.366,0.366,0.732,0.5,0.091,4.96,0.33899999999999997
46,2015,7,KIA,5.04,0.336,0.439,0.775,0.41,0.172,5.12,0.344
47,2015,7,KT,5.11,0.365,0.44299999999999995,0.8079999999999999,0.48,0.146,5.79,0.361
48,2015,7,NC,5.8,0.35700000000000004,0.461,0.818,0.38,0.168,5.96,0.36200000000000004
49,2015,7,LG,3.84,0.309,0.35700000000000004,0.6659999999999999,0.38,0.113,3.75,0.302
50,2015,8,NC,5.38,0.379,0.44,0.8190000000000001,0.64,0.15,6.03,0.368
51,2015,8,庸,6.79,0.39299999999999996,0.457,0.85,0.65,0.153,7.03,0.382
52,2015,8,왍,5.29,0.369,0.418,0.787,0.6,0.128,5.7,0.35600000000000004
53,2015,8,KT,6.76,0.37799999999999995,0.499,0.877,0.53,0.188,6.68,0.386
54,2015,8,KIA,4.21,0.314,0.363,0.677,0.35,0.127,3.87,0.307
55,2015,8,Hero,6.52,0.366,0.517,0.883,0.41,0.20600000000000002,6.82,0.384
56,2015,8,LG,4.04,0.322,0.386,0.708,0.37,0.12,4.18,0.319
57,2015,8,온,5.44,0.371,0.45,0.821,0.44,0.152,5.85,0.36700000000000005
58,2015,8,홛,4.28,0.369,0.40700000000000003,0.7759999999999999,0.52,0.13,5.45,0.35200000000000004
59,2015,8,SK,4.64,0.33899999999999997,0.397,0.736,0.47,0.135,4.55,0.332
60,2015,9,庸,6.5,0.386,0.49,0.8759999999999999,0.67,0.179,7.02,0.387
61,2015,9,NC,6.96,0.39799999999999996,0.496,0.894,0.68,0.191,7.37,0.395
62,2015,9,SK,5.96,0.359,0.484,0.843,0.39,0.18899999999999997,6.02,0.371
63,2015,9,Hero,5.52,0.37200000000000005,0.428,0.8,0.61,0.14,5.98,0.36
64,2015,9,LG,5.33,0.37,0.445,0.815,0.47,0.138,6.17,0.365
65,2015,9,온,5.35,0.35200000000000004,0.44799999999999995,0.8,0.46,0.16,5.5,0.355
66,2015,9,왍,5.8,0.377,0.451,0.828,0.68,0.154,6.01,0.371
67,2015,9,홛,5.74,0.36700000000000005,0.445,0.812,0.51,0.159,5.66,0.36200000000000004
68,2015,9,KIA,4.44,0.322,0.41100000000000003,0.733,0.41,0.162,4.29,0.326
69,2015,9,KT,3.91,0.33899999999999997,0.36200000000000004,0.701,0.45,0.096,4.21,0.319
70,2015,10,庸,4.0,0.41600000000000004,0.363,0.779,0.9,0.069,5.57,0.365
71,2015,10,왍,5.25,0.39799999999999996,0.42200000000000004,0.82,1.27,0.156,6.39,0.371
72,2015,10,NC,5.25,0.32899999999999996,0.424,0.753,0.32,0.139,4.75,0.335
73,2015,10,Hero,4.67,0.273,0.391,0.664,0.26,0.174,3.56,0.289
74,2015,10,LG,3.5,0.345,0.39399999999999996,0.7390000000000001,0.33,0.08,4.61,0.33299999999999996
75,2015,10,KT,3.25,0.313,0.369,0.682,0.34,0.114,4.16,0.309
76,2015,10,홛,3.33,0.336,0.301,0.637,0.33,0.049,3.79,0.303
77,2015,10,SK,2.33,0.33899999999999997,0.34700000000000003,0.6859999999999999,0.48,0.102,4.01,0.32
78,2015,10,온,4.67,0.29600000000000004,0.41,0.706,0.33,0.17,3.98,0.309
79,2015,10,KIA,3.0,0.29600000000000004,0.307,0.603,0.35,0.09,3.17,0.278
80,2016,4,왍,5.71,0.379,0.426,0.805,0.71,0.141,5.78,0.365
81,2016,4,SK,4.52,0.33799999999999997,0.397,0.735,0.46,0.13,4.67,0.33
82,2016,4,NC,4.7,0.34700000000000003,0.402,0.7490000000000001,0.5,0.134,4.84,0.33799999999999997
83,2016,4,LG,5.0,0.342,0.395,0.737,0.49,0.13699999999999998,4.85,0.332
84,2016,4,온,5.16,0.363,0.436,0.799,0.49,0.14300000000000002,5.68,0.35700000000000004
85,2016,4,KT,4.76,0.341,0.39299999999999996,0.7340000000000001,0.57,0.129,4.54,0.332
86,2016,4,Hero,4.79,0.35600000000000004,0.39899999999999997,0.755,0.48,0.125,5.0,0.34299999999999997
87,2016,4,庸,5.04,0.353,0.39299999999999996,0.746,0.66,0.12,4.74,0.34
88,2016,4,KIA,4.86,0.34700000000000003,0.428,0.775,0.44,0.155,5.27,0.34700000000000003
89,2016,4,홛,3.83,0.337,0.366,0.703,0.42,0.10300000000000001,4.23,0.321
90,2016,5,왍,7.56,0.401,0.5379999999999999,0.9390000000000001,0.7,0.20800000000000002,8.01,0.41100000000000003
91,2016,5,NC,7.35,0.409,0.496,0.905,0.76,0.17800000000000002,7.59,0.40299999999999997
92,2016,5,Hero,5.28,0.34600000000000003,0.42700000000000005,0.773,0.48,0.147,5.09,0.34600000000000003
93,2016,5,庸,6.04,0.387,0.45399999999999996,0.841,0.77,0.15,6.48,0.377
94,2016,5,KIA,5.96,0.37799999999999995,0.48,0.858,0.57,0.18,6.62,0.381
95,2016,5,LG,5.3,0.354,0.406,0.76,0.52,0.125,5.04,0.344
96,2016,5,온,5.58,0.38,0.439,0.8190000000000001,0.64,0.147,6.02,0.369
97,2016,5,홛,6.0,0.369,0.444,0.813,0.6,0.155,5.97,0.363
98,2016,5,SK,5.08,0.348,0.43799999999999994,0.7859999999999999,0.49,0.16,5.26,0.35
99,2016,5,KT,5.71,0.37,0.424,0.794,0.59,0.128,5.67,0.358
100,2016,6,NC,6.52,0.373,0.45899999999999996,0.8320000000000001,0.62,0.171,6.32,0.37
101,2016,6,왍,6.04,0.361,0.426,0.787,0.65,0.141,5.77,0.353
102,2016,6,Hero,6.24,0.374,0.455,0.8290000000000001,0.6,0.153,6.22,0.37
103,2016,6,홛,5.0,0.348,0.442,0.79,0.4,0.157,5.33,0.35100000000000003
104,2016,6,SK,6.04,0.37200000000000005,0.515,0.887,0.43,0.204,6.79,0.389
105,2016,6,온,5.76,0.36200000000000004,0.41100000000000003,0.773,0.52,0.11800000000000001,5.38,0.349
106,2016,6,KIA,5.92,0.349,0.43799999999999994,0.787,0.49,0.16399999999999998,5.44,0.35100000000000003
107,2016,6,KT,4.67,0.32899999999999996,0.37200000000000005,0.701,0.52,0.114,4.32,0.319
108,2016,6,LG,5.32,0.373,0.41600000000000004,0.789,0.5,0.10800000000000001,5.91,0.359
109,2016,6,庸,5.15,0.348,0.424,0.772,0.56,0.147,5.13,0.34600000000000003
110,2016,7,Hero,7.19,0.401,0.48700000000000004,0.888,0.98,0.172,7.32,0.39299999999999996
111,2016,7,홛,7.38,0.39,0.484,0.8740000000000001,0.8,0.17600000000000002,6.85,0.389
112,2016,7,NC,6.25,0.36700000000000005,0.473,0.84,0.71,0.196,6.24,0.37
113,2016,7,KIA,6.44,0.38299999999999995,0.48,0.863,0.53,0.168,6.89,0.38299999999999995
114,2016,7,庸,6.11,0.37,0.44,0.81,0.77,0.152,5.87,0.361
115,2016,7,온,5.9,0.365,0.426,0.7909999999999999,0.51,0.14300000000000002,5.84,0.358
116,2016,7,왍,5.52,0.355,0.446,0.8009999999999999,0.63,0.16,5.72,0.35700000000000004
117,2016,7,SK,5.23,0.359,0.48100000000000004,0.84,0.44,0.185,6.21,0.369
118,2016,7,KT,4.3,0.33899999999999997,0.37,0.7090000000000001,0.63,0.102,4.3,0.324
119,2016,7,LG,6.27,0.373,0.429,0.802,0.67,0.138,5.99,0.36200000000000004
120,2016,8,왍,7.96,0.384,0.506,0.89,0.69,0.204,7.19,0.39
121,2016,8,LG,5.54,0.355,0.43200000000000005,0.787,0.48,0.132,5.55,0.35200000000000004
122,2016,8,Hero,5.09,0.371,0.442,0.813,0.72,0.14800000000000002,5.86,0.363
123,2016,8,庸,7.39,0.379,0.478,0.857,0.53,0.157,6.74,0.381
124,2016,8,NC,6.65,0.382,0.479,0.861,0.52,0.175,6.91,0.382
125,2016,8,KIA,5.75,0.361,0.467,0.828,0.46,0.175,6.09,0.36700000000000005
126,2016,8,SK,5.0,0.354,0.43200000000000005,0.7859999999999999,0.34,0.141,5.62,0.35200000000000004
127,2016,8,홛,6.38,0.36,0.426,0.7859999999999999,0.45,0.126,5.57,0.354
128,2016,8,온,4.48,0.369,0.38,0.7490000000000001,0.7,0.11800000000000001,5.15,0.34299999999999997
129,2016,8,KT,3.96,0.33399999999999996,0.371,0.705,0.41,0.096,4.42,0.322
130,2016,9,왍,5.86,0.381,0.488,0.8690000000000001,0.69,0.192,6.64,0.382
131,2016,9,LG,5.71,0.377,0.43799999999999994,0.815,0.55,0.131,6.01,0.36700000000000005
132,2016,9,NC,4.56,0.364,0.389,0.753,0.54,0.11199999999999999,4.85,0.34299999999999997
133,2016,9,온,5.9,0.396,0.447,0.843,0.59,0.136,6.34,0.381
134,2016,9,庸,6.3,0.369,0.45299999999999996,0.8220000000000001,0.63,0.153,6.25,0.36700000000000005
135,2016,9,홛,5.78,0.35700000000000004,0.402,0.759,0.42,0.12,5.21,0.34299999999999997
136,2016,9,KIA,4.45,0.316,0.42,0.736,0.43,0.162,4.42,0.325
137,2016,9,Hero,5.81,0.37200000000000005,0.462,0.8340000000000001,0.5,0.156,6.08,0.371
138,2016,9,SK,5.63,0.375,0.46299999999999997,0.838,0.43,0.15,6.16,0.375
139,2016,9,KT,4.56,0.358,0.436,0.794,0.54,0.14300000000000002,5.43,0.354
140,2016,10,홛,6.75,0.409,0.523,0.932,0.5,0.187,7.47,0.41200000000000003
141,2016,10,왍,7.33,0.38799999999999996,0.491,0.879,0.65,0.184,7.43,0.391
142,2016,10,SK,4.67,0.31,0.40399999999999997,0.7140000000000001,0.28,0.154,4.47,0.319
143,2016,10,KIA,4.8,0.37200000000000005,0.405,0.777,0.79,0.12300000000000001,4.98,0.355
144,2016,10,NC,5.43,0.386,0.457,0.843,0.51,0.13699999999999998,6.4,0.377
145,2016,10,KT,4.4,0.32799999999999996,0.349,0.677,0.42,0.077,4.03,0.307
146,2016,10,庸,4.0,0.34,0.38299999999999995,0.723,0.45,0.12,4.59,0.327
147,2016,10,Hero,4.0,0.307,0.335,0.642,0.29,0.08199999999999999,3.46,0.293
148,2016,10,LG,3.8,0.332,0.348,0.68,0.59,0.107,3.66,0.313
149,2016,10,온,4.17,0.326,0.39399999999999996,0.72,0.32,0.134,4.54,0.325
150,2017,3,NC,6.0,0.447,0.594,1.041,0.44,0.25,10.01,0.456
151,2017,3,KT,3.0,0.297,0.4,0.6970000000000001,0.25,0.14300000000000002,3.34,0.298
152,2017,3,KIA,7.0,0.35700000000000004,0.5589999999999999,0.9159999999999999,1.6,0.353,6.78,0.392
153,2017,3,왍,3.0,0.242,0.185,0.42700000000000005,0.25,0.037000000000000005,2.26,0.213
154,2017,3,LG,2.0,0.20600000000000002,0.226,0.43200000000000005,0.3,0.09699999999999999,1.32,0.203
155,2017,3,SK,2.0,0.265,0.273,0.5379999999999999,0.0,0.031,2.35,0.249
156,2017,3,庸,2.0,0.25,0.452,0.7020000000000001,0.14,0.226,3.26,0.299
157,2017,3,온,5.0,0.235,0.364,0.599,0.0,0.152,2.52,0.263
158,2017,3,Hero,1.0,0.265,0.3,0.565,0.67,0.133,2.07,0.264
159,2017,3,홛,0.0,0.21899999999999997,0.138,0.35700000000000004,0.38,0.0,0.96,0.183
160,2017,4,KIA,5.52,0.344,0.395,0.7390000000000001,0.46,0.114,4.91,0.33299999999999996
161,2017,4,NC,5.16,0.337,0.423,0.76,0.36,0.152,5.09,0.33899999999999997
162,2017,4,LG,4.56,0.34700000000000003,0.386,0.733,0.38,0.1,4.53,0.33399999999999996
163,2017,4,SK,5.68,0.336,0.48200000000000004,0.818,0.36,0.215,5.41,0.35600000000000004
164,2017,4,Hero,5.92,0.361,0.429,0.79,0.48,0.129,5.8,0.355
165,2017,4,온,4.92,0.364,0.409,0.773,0.49,0.132,5.2,0.35100000000000003
166,2017,4,왍,4.8,0.354,0.386,0.74,0.63,0.114,5.09,0.33799999999999997
167,2017,4,KT,3.12,0.285,0.321,0.606,0.36,0.092,3.11,0.276
168,2017,4,홛,4.32,0.33299999999999996,0.385,0.718,0.36,0.109,4.48,0.325
169,2017,4,庸,4.16,0.321,0.377,0.698,0.37,0.11699999999999999,4.16,0.315
170,2017,5,KIA,5.65,0.36700000000000005,0.449,0.816,0.61,0.161,5.88,0.363
171,2017,5,왍,6.26,0.38299999999999995,0.45799999999999996,0.841,0.64,0.159,6.37,0.377
172,2017,5,온,5.38,0.371,0.461,0.8320000000000001,0.51,0.16,5.83,0.371
173,2017,5,Hero,4.72,0.359,0.41,0.769,0.46,0.11900000000000001,5.18,0.34700000000000003
174,2017,5,SK,5.28,0.348,0.444,0.792,0.5,0.17800000000000002,5.52,0.35100000000000003
175,2017,5,홛,5.04,0.365,0.415,0.78,0.45,0.12300000000000001,5.55,0.354
176,2017,5,NC,4.32,0.337,0.384,0.721,0.4,0.109,4.43,0.327
177,2017,5,LG,4.12,0.345,0.374,0.7190000000000001,0.43,0.096,4.25,0.32899999999999996
178,2017,5,庸,4.88,0.319,0.41200000000000003,0.731,0.53,0.162,4.48,0.324
179,2017,5,KT,4.85,0.34600000000000003,0.429,0.775,0.37,0.142,5.07,0.34600000000000003
180,2017,6,NC,6.64,0.39799999999999996,0.45399999999999996,0.852,0.68,0.141,6.86,0.384
181,2017,6,SK,5.12,0.335,0.479,0.8140000000000001,0.45,0.223,5.56,0.35600000000000004
182,2017,6,KIA,8.08,0.40700000000000003,0.529,0.9359999999999999,0.66,0.188,8.32,0.41200000000000003
183,2017,6,Hero,5.76,0.363,0.442,0.805,0.48,0.141,5.66,0.36
184,2017,6,庸,5.81,0.344,0.446,0.79,0.44,0.16,5.69,0.35
185,2017,6,LG,6.33,0.376,0.445,0.821,0.47,0.142,6.1,0.36700000000000005
186,2017,6,홛,6.36,0.37,0.501,0.871,0.51,0.19399999999999998,6.43,0.382
187,2017,6,왍,6.4,0.375,0.499,0.8740000000000001,0.56,0.195,6.95,0.384
188,2017,6,온,5.36,0.354,0.44299999999999995,0.797,0.44,0.158,5.43,0.355
189,2017,6,KT,4.8,0.33299999999999996,0.405,0.738,0.4,0.125,4.58,0.331
190,2017,7,왍,6.35,0.36700000000000005,0.512,0.879,0.46,0.201,6.76,0.38299999999999995
191,2017,7,KIA,7.43,0.38299999999999995,0.53,0.9129999999999999,0.52,0.214,7.69,0.397
192,2017,7,LG,5.95,0.358,0.462,0.82,0.48,0.16699999999999998,5.77,0.363
193,2017,7,Hero,6.04,0.377,0.48,0.857,0.52,0.184,6.67,0.38
194,2017,7,온,4.09,0.34,0.38,0.72,0.44,0.12,4.33,0.324
195,2017,7,庸,4.96,0.34299999999999997,0.42100000000000004,0.764,0.4,0.142,5.11,0.342
196,2017,7,NC,5.5,0.38799999999999996,0.461,0.8490000000000001,0.6,0.156,6.5,0.38
197,2017,7,SK,5.44,0.349,0.455,0.804,0.49,0.19,5.55,0.355
198,2017,7,홛,5.15,0.341,0.475,0.816,0.4,0.18600000000000003,5.48,0.358
199,2017,7,KT,3.79,0.32899999999999996,0.365,0.6940000000000001,0.54,0.11199999999999999,4.08,0.316
200,2017,8,왍,5.59,0.368,0.46,0.828,0.56,0.163,5.96,0.36700000000000005
201,2017,8,온,5.93,0.358,0.461,0.8190000000000001,0.43,0.16699999999999998,5.95,0.36
202,2017,8,홛,5.35,0.363,0.44299999999999995,0.8059999999999999,0.47,0.146,5.8,0.36
203,2017,8,Hero,5.35,0.353,0.444,0.797,0.42,0.158,5.66,0.355
204,2017,8,SK,4.52,0.33899999999999997,0.449,0.7879999999999999,0.3,0.163,5.28,0.349
205,2017,8,KIA,5.52,0.366,0.457,0.823,0.56,0.161,5.95,0.366
206,2017,8,NC,4.67,0.342,0.43200000000000005,0.774,0.41,0.157,5.38,0.345
207,2017,8,LG,4.08,0.342,0.38,0.722,0.43,0.11,4.65,0.32799999999999996
208,2017,8,KT,4.92,0.35600000000000004,0.46299999999999997,0.8190000000000001,0.4,0.171,5.82,0.363
209,2017,8,庸,5.46,0.368,0.444,0.812,0.46,0.138,6.09,0.363
210,2017,9,온,5.16,0.35600000000000004,0.442,0.7979999999999999,0.38,0.142,5.54,0.35600000000000004
211,2017,9,왍,6.48,0.376,0.466,0.8420000000000001,0.53,0.174,6.48,0.373
212,2017,9,SK,6.17,0.345,0.509,0.8540000000000001,0.25,0.21,6.29,0.37200000000000005
213,2017,9,NC,6.65,0.38799999999999996,0.516,0.904,0.52,0.192,7.64,0.396
214,2017,9,KT,5.38,0.33,0.451,0.7809999999999999,0.23,0.159,5.14,0.34299999999999997
215,2017,9,KIA,5.7,0.35700000000000004,0.456,0.813,0.5,0.156,5.82,0.361
216,2017,9,LG,4.64,0.335,0.374,0.7090000000000001,0.44,0.107,4.35,0.321
217,2017,9,홛,4.61,0.335,0.40700000000000003,0.742,0.37,0.14,4.74,0.33299999999999996
218,2017,9,庸,6.21,0.34299999999999997,0.46799999999999997,0.8109999999999999,0.42,0.177,5.91,0.355
219,2017,9,Hero,5.1,0.32299999999999995,0.413,0.736,0.3,0.151,4.59,0.32799999999999996
220,2017,10,庸,10.0,0.386,0.514,0.9,0.83,0.20800000000000002,7.78,0.395
221,2017,10,SK,3.0,0.289,0.257,0.546,0.38,0.027999999999999997,2.98,0.26
222,2017,10,온,4.0,0.267,0.321,0.588,0.5,0.107,2.97,0.267
223,2017,10,KIA,5.67,0.342,0.456,0.7979999999999999,0.63,0.19399999999999998,5.64,0.353
224,2017,10,왍,4.0,0.35100000000000003,0.379,0.73,0.73,0.13699999999999998,4.57,0.337
225,2017,10,KT,8.33,0.402,0.524,0.9259999999999999,0.2,0.153,8.74,0.409
226,2017,10,Hero,9.0,0.42200000000000004,0.659,1.081,0.33,0.293,11.22,0.46299999999999997
227,2017,10,홛,6.0,0.319,0.43700000000000006,0.7559999999999999,0.6,0.161,5.36,0.32799999999999996
228,2017,10,LG,2.5,0.27,0.36200000000000004,0.632,0.18,0.13,3.59,0.282
229,2017,10,NC,8.0,0.40700000000000003,0.41700000000000004,0.8240000000000001,0.5,0.084,6.49,0.38
230,2018,3,NC,6.14,0.368,0.413,0.7809999999999999,0.56,0.13,5.56,0.353
231,2018,3,Hero,5.43,0.382,0.467,0.8490000000000001,0.46,0.17300000000000001,6.54,0.37799999999999995
232,2018,3,SK,6.43,0.355,0.485,0.84,0.46,0.21100000000000002,6.19,0.369
233,2018,3,왍,5.29,0.34,0.41200000000000003,0.752,0.47,0.151,5.06,0.33899999999999997
234,2018,3,KIA,7.14,0.39,0.541,0.9309999999999999,0.5,0.22699999999999998,7.8,0.406
235,2018,3,KT,6.86,0.355,0.546,0.9009999999999999,0.3,0.233,7.45,0.39
236,2018,3,홛,3.57,0.337,0.39799999999999996,0.735,0.35,0.12300000000000001,4.59,0.33399999999999996
237,2018,3,LG,4.14,0.325,0.39399999999999996,0.7190000000000001,0.46,0.133,4.42,0.32299999999999995
238,2018,3,庸,3.71,0.314,0.344,0.6579999999999999,0.39,0.092,3.73,0.3
239,2018,3,온,3.0,0.275,0.29,0.565,0.38,0.094,2.58,0.263
240,2018,4,왍,6.22,0.364,0.467,0.831,0.47,0.174,6.36,0.36700000000000005
241,2018,4,LG,5.75,0.374,0.47100000000000003,0.845,0.47,0.163,6.26,0.374
242,2018,4,SK,6.22,0.373,0.518,0.8909999999999999,0.49,0.226,6.91,0.389
243,2018,4,온,5.77,0.369,0.467,0.836,0.39,0.165,6.32,0.37200000000000005
244,2018,4,홛,5.41,0.34600000000000003,0.41200000000000003,0.758,0.4,0.133,5.12,0.34
245,2018,4,KT,5.46,0.35100000000000003,0.47200000000000003,0.823,0.48,0.18899999999999997,5.91,0.363
246,2018,4,KIA,5.14,0.349,0.442,0.7909999999999999,0.45,0.153,5.2,0.35100000000000003
247,2018,4,庸,4.58,0.35100000000000003,0.40700000000000003,0.758,0.45,0.13,5.07,0.344
248,2018,4,Hero,3.72,0.32,0.371,0.691,0.39,0.122,4.15,0.312
249,2018,4,NC,3.33,0.281,0.337,0.618,0.26,0.10800000000000001,3.09,0.28
250,2018,5,홛,4.6,0.33299999999999996,0.408,0.741,0.42,0.13699999999999998,4.45,0.332
251,2018,5,왍,5.78,0.34700000000000003,0.457,0.804,0.39,0.163,5.92,0.355
252,2018,5,Hero,6.2,0.365,0.491,0.856,0.37,0.18600000000000003,6.88,0.377
253,2018,5,庸,5.52,0.36,0.457,0.8170000000000001,0.49,0.154,5.75,0.36200000000000004
254,2018,5,KIA,6.19,0.37799999999999995,0.48700000000000004,0.865,0.55,0.174,6.75,0.382
255,2018,5,LG,5.58,0.354,0.439,0.7929999999999999,0.39,0.133,5.71,0.35200000000000004
256,2018,5,온,5.04,0.341,0.43799999999999994,0.779,0.37,0.156,5.08,0.345
257,2018,5,SK,5.04,0.33899999999999997,0.439,0.778,0.39,0.163,5.25,0.34700000000000003
258,2018,5,KT,5.0,0.33899999999999997,0.431,0.77,0.4,0.157,5.01,0.342
259,2018,5,NC,3.8,0.319,0.401,0.72,0.36,0.14800000000000002,4.57,0.322
260,2018,6,왍,7.42,0.396,0.547,0.943,0.54,0.215,8.02,0.41
261,2018,6,홛,5.38,0.33899999999999997,0.43200000000000005,0.7709999999999999,0.39,0.16399999999999998,5.25,0.344
262,2018,6,LG,5.58,0.353,0.446,0.799,0.39,0.157,5.44,0.35600000000000004
263,2018,6,SK,5.33,0.342,0.485,0.8270000000000001,0.4,0.218,5.8,0.36200000000000004
264,2018,6,온,6.96,0.368,0.52,0.888,0.49,0.225,7.02,0.384
265,2018,6,Hero,6.32,0.35700000000000004,0.424,0.7809999999999999,0.38,0.132,5.79,0.349
266,2018,6,KIA,5.23,0.344,0.423,0.767,0.51,0.152,4.89,0.34
267,2018,6,庸,5.76,0.354,0.424,0.778,0.51,0.141,5.56,0.35
268,2018,6,NC,4.0,0.335,0.373,0.708,0.43,0.11900000000000001,4.31,0.324
269,2018,6,KT,3.79,0.315,0.409,0.7240000000000001,0.34,0.157,4.23,0.322
270,2018,7,庸,5.41,0.361,0.434,0.795,0.44,0.132,5.6,0.35600000000000004
271,2018,7,왍,6.33,0.38299999999999995,0.509,0.892,0.43,0.183,7.31,0.39299999999999996
272,2018,7,KT,5.9,0.35100000000000003,0.503,0.8540000000000001,0.41,0.215,6.07,0.37200000000000005
273,2018,7,SK,5.04,0.363,0.478,0.841,0.49,0.18899999999999997,6.36,0.371
274,2018,7,NC,4.32,0.33,0.38,0.71,0.44,0.121,4.42,0.319
275,2018,7,Hero,5.13,0.337,0.429,0.7659999999999999,0.44,0.16699999999999998,5.17,0.34
276,2018,7,LG,5.96,0.35600000000000004,0.46299999999999997,0.8190000000000001,0.4,0.16399999999999998,5.93,0.364
277,2018,7,홛,4.77,0.344,0.40700000000000003,0.7509999999999999,0.29,0.11900000000000001,4.98,0.337
278,2018,7,온,5.57,0.354,0.475,0.8290000000000001,0.36,0.18,6.02,0.366
279,2018,7,KIA,5.0,0.34600000000000003,0.41200000000000003,0.758,0.48,0.134,5.04,0.341
280,2018,8,Hero,8.92,0.44299999999999995,0.5770000000000001,1.02,0.48,0.18899999999999997,10.18,0.446
281,2018,8,온,5.91,0.366,0.504,0.87,0.38,0.19399999999999998,6.86,0.38
282,2018,8,NC,6.46,0.364,0.551,0.915,0.36,0.244,7.31,0.395
283,2018,8,왍,5.62,0.374,0.451,0.825,0.56,0.15,6.26,0.369
284,2018,8,KIA,8.92,0.424,0.586,1.01,0.69,0.23399999999999999,9.7,0.44
285,2018,8,SK,7.92,0.391,0.495,0.8859999999999999,0.59,0.193,7.26,0.39299999999999996
286,2018,8,庸,5.85,0.358,0.43700000000000006,0.795,0.47,0.152,5.53,0.35600000000000004
287,2018,8,홛,4.92,0.353,0.42100000000000004,0.774,0.54,0.153,5.0,0.348
288,2018,8,KT,4.92,0.319,0.435,0.754,0.4,0.185,4.72,0.331
289,2018,8,LG,6.62,0.365,0.499,0.8640000000000001,0.49,0.191,6.56,0.379
290,2018,9,왍,7.92,0.39299999999999996,0.505,0.898,0.59,0.191,7.96,0.395
291,2018,9,KIA,6.83,0.389,0.435,0.8240000000000001,0.84,0.141,6.47,0.37
292,2018,9,SK,5.92,0.344,0.446,0.79,0.38,0.17,5.52,0.35200000000000004
293,2018,9,Hero,5.52,0.327,0.418,0.745,0.32,0.157,4.91,0.331
294,2018,9,홛,5.46,0.33899999999999997,0.449,0.7879999999999999,0.35,0.172,5.4,0.349
295,2018,9,庸,5.08,0.345,0.42700000000000005,0.772,0.42,0.152,5.39,0.345
296,2018,9,온,6.04,0.37,0.486,0.856,0.45,0.192,6.59,0.379
297,2018,9,NC,6.04,0.35100000000000003,0.441,0.792,0.49,0.159,5.29,0.35100000000000003
298,2018,9,LG,4.42,0.32899999999999996,0.395,0.7240000000000001,0.38,0.126,4.46,0.325
299,2018,9,KT,5.7,0.35200000000000004,0.447,0.799,0.54,0.168,5.69,0.354
300,2018,10,庸,10.25,0.42700000000000005,0.625,1.052,0.41,0.263,10.55,0.455
301,2018,10,LG,4.75,0.342,0.406,0.748,0.48,0.138,5.19,0.33799999999999997
302,2018,10,KT,6.0,0.341,0.45799999999999996,0.799,0.41,0.18,5.48,0.353
303,2018,10,온,5.25,0.344,0.46299999999999997,0.807,0.39,0.185,5.31,0.354
304,2018,10,왍,6.0,0.384,0.423,0.807,0.45,0.107,5.84,0.365
305,2018,10,홛,5.83,0.336,0.455,0.7909999999999999,0.46,0.183,5.0,0.349
306,2018,10,NC,4.8,0.321,0.39299999999999996,0.7140000000000001,0.46,0.135,4.37,0.321
307,2018,10,KIA,5.18,0.33299999999999996,0.408,0.741,0.39,0.14,4.61,0.331
308,2018,10,Hero,6.67,0.369,0.586,0.955,0.33,0.262,8.01,0.409
309,2018,10,SK,5.12,0.355,0.426,0.7809999999999999,0.46,0.158,5.86,0.35200000000000004
310,2019,3,왍,4.5,0.349,0.35700000000000004,0.706,0.77,0.111,3.87,0.32799999999999996
311,2019,3,SK,4.38,0.293,0.368,0.6609999999999999,0.38,0.151,3.6,0.298
312,2019,3,NC,5.0,0.33399999999999996,0.45399999999999996,0.7879999999999999,0.44,0.196,4.97,0.34700000000000003
313,2019,3,LG,3.5,0.299,0.314,0.613,0.49,0.10400000000000001,3.23,0.285
314,2019,3,홛,7.62,0.395,0.46399999999999997,0.8590000000000001,0.64,0.16699999999999998,6.63,0.384
315,2019,3,庸,6.12,0.366,0.46799999999999997,0.8340000000000001,0.58,0.2,6.16,0.369
316,2019,3,온,5.12,0.317,0.37,0.687,0.43,0.11800000000000001,4.18,0.31
317,2019,3,Hero,3.75,0.321,0.331,0.652,0.5,0.094,3.87,0.301
318,2019,3,KIA,4.25,0.33,0.34299999999999997,0.6729999999999999,0.56,0.109,4.11,0.312
319,2019,3,KT,4.0,0.353,0.381,0.7340000000000001,0.41,0.099,5.15,0.33299999999999996
320,2019,4,Hero,6.38,0.38299999999999995,0.446,0.8290000000000001,0.63,0.13699999999999998,6.49,0.37200000000000005
321,2019,4,LG,5.09,0.35,0.391,0.741,0.59,0.114,4.68,0.336
322,2019,4,SK,4.13,0.327,0.37200000000000005,0.6990000000000001,0.49,0.127,4.5,0.317
323,2019,4,왍,6.0,0.37200000000000005,0.43799999999999994,0.81,0.73,0.154,5.91,0.36200000000000004
324,2019,4,NC,5.64,0.358,0.462,0.82,0.4,0.16399999999999998,5.71,0.363
325,2019,4,홛,4.19,0.324,0.365,0.6890000000000001,0.4,0.113,3.94,0.312
326,2019,4,온,4.5,0.341,0.375,0.716,0.45,0.107,4.58,0.326
327,2019,4,KIA,4.68,0.337,0.389,0.726,0.47,0.122,4.77,0.327
328,2019,4,KT,3.62,0.309,0.34299999999999997,0.652,0.39,0.09699999999999999,3.58,0.298
329,2019,4,庸,4.36,0.332,0.384,0.716,0.46,0.122,4.63,0.32299999999999995
330,2019,5,SK,5.04,0.341,0.387,0.728,0.46,0.11800000000000001,4.74,0.32899999999999996
331,2019,5,왍,4.46,0.355,0.38299999999999995,0.738,0.68,0.111,4.95,0.336
332,2019,5,KT,4.92,0.355,0.391,0.746,0.52,0.10800000000000001,4.95,0.33899999999999997
333,2019,5,庸,4.54,0.34,0.39299999999999996,0.733,0.5,0.12300000000000001,4.62,0.32899999999999996
334,2019,5,KIA,4.41,0.335,0.381,0.716,0.57,0.11199999999999999,4.59,0.324
335,2019,5,NC,5.04,0.358,0.428,0.7859999999999999,0.5,0.132,5.52,0.35200000000000004
336,2019,5,LG,3.38,0.318,0.33799999999999997,0.6559999999999999,0.37,0.08199999999999999,3.72,0.302
337,2019,5,Hero,5.44,0.344,0.415,0.759,0.52,0.139,4.98,0.341
338,2019,5,홛,3.89,0.309,0.354,0.6629999999999999,0.42,0.113,3.82,0.302
339,2019,5,온,5.33,0.34700000000000003,0.38299999999999995,0.73,0.44,0.109,4.88,0.33299999999999996
340,2019,6,Hero,5.0,0.34600000000000003,0.409,0.755,0.51,0.136,5.24,0.33899999999999997
341,2019,6,SK,5.48,0.369,0.424,0.7929999999999999,0.56,0.125,5.78,0.35700000000000004
342,2019,6,LG,4.6,0.332,0.386,0.718,0.49,0.11599999999999999,4.57,0.322
343,2019,6,KT,4.88,0.355,0.397,0.752,0.56,0.107,5.11,0.34
344,2019,6,왍,4.4,0.354,0.354,0.708,0.71,0.083,4.57,0.327
345,2019,6,庸,4.92,0.341,0.43700000000000006,0.778,0.46,0.161,5.15,0.34600000000000003
346,2019,6,온,4.12,0.324,0.337,0.6609999999999999,0.56,0.09300000000000001,3.78,0.305
347,2019,6,KIA,4.36,0.35100000000000003,0.368,0.7190000000000001,0.59,0.098,4.55,0.331
348,2019,6,NC,3.42,0.321,0.36,0.6809999999999999,0.52,0.107,3.9,0.309
349,2019,6,홛,4.67,0.32899999999999996,0.34700000000000003,0.6759999999999999,0.43,0.1,4.04,0.31
350,2019,7,Hero,5.37,0.33899999999999997,0.41700000000000004,0.7559999999999999,0.42,0.13699999999999998,4.94,0.33899999999999997
351,2019,7,SK,5.16,0.341,0.39899999999999997,0.74,0.56,0.124,4.79,0.33299999999999996
352,2019,7,KT,5.17,0.36200000000000004,0.406,0.768,0.58,0.107,5.28,0.348
353,2019,7,NC,5.16,0.358,0.41600000000000004,0.774,0.61,0.129,5.26,0.348
354,2019,7,왍,5.29,0.32799999999999996,0.375,0.703,0.62,0.114,4.4,0.319
355,2019,7,KIA,4.56,0.354,0.376,0.73,0.71,0.11199999999999999,4.84,0.33399999999999996
356,2019,7,LG,4.61,0.327,0.38299999999999995,0.71,0.47,0.122,4.32,0.321
357,2019,7,庸,4.0,0.331,0.406,0.737,0.52,0.149,4.67,0.332
358,2019,7,온,3.0,0.294,0.342,0.636,0.33,0.114,3.46,0.28800000000000003
359,2019,7,홛,3.9,0.306,0.369,0.675,0.36,0.11599999999999999,3.82,0.304
360,2019,8,왍,5.88,0.37,0.442,0.812,0.76,0.14,6.13,0.363
361,2019,8,KT,4.56,0.342,0.384,0.726,0.51,0.11,4.69,0.33
362,2019,8,Hero,6.48,0.381,0.469,0.85,0.76,0.166,6.61,0.379
363,2019,8,LG,5.71,0.36,0.40299999999999997,0.763,0.44,0.106,5.26,0.345
364,2019,8,SK,3.76,0.316,0.34700000000000003,0.6629999999999999,0.4,0.092,3.88,0.304
365,2019,8,NC,4.54,0.342,0.40399999999999997,0.746,0.7,0.139,4.81,0.336
366,2019,8,KIA,4.0,0.33399999999999996,0.37,0.7040000000000001,0.57,0.10300000000000001,4.44,0.321
367,2019,8,홛,3.54,0.314,0.353,0.667,0.31,0.092,3.69,0.305
368,2019,8,온,3.68,0.3,0.382,0.682,0.28,0.131,3.79,0.305
369,2019,8,庸,3.46,0.305,0.311,0.616,0.58,0.086,3.36,0.287
370,2019,9,NC,4.25,0.332,0.41100000000000003,0.743,0.47,0.142,4.8,0.33299999999999996
371,2019,9,왍,4.9,0.34,0.337,0.677,0.75,0.061,4.34,0.312
372,2019,9,Hero,3.87,0.32299999999999995,0.32299999999999995,0.6459999999999999,0.43,0.073,3.65,0.3
373,2019,9,홛,3.9,0.33299999999999996,0.35100000000000003,0.684,0.4,0.08199999999999999,4.19,0.315
374,2019,9,LG,3.71,0.319,0.391,0.71,0.36,0.133,4.28,0.319
375,2019,9,KT,4.11,0.33399999999999996,0.396,0.73,0.42,0.124,4.77,0.32899999999999996
376,2019,9,KIA,3.15,0.307,0.33299999999999996,0.64,0.36,0.08,3.31,0.294
377,2019,9,SK,3.61,0.315,0.373,0.688,0.5,0.13699999999999998,3.96,0.31
378,2019,9,庸,3.83,0.306,0.368,0.674,0.42,0.133,3.78,0.304
379,2019,9,온,2.53,0.272,0.307,0.579,0.29,0.08800000000000001,2.59,0.265
380,2020,5,NC,6.61,0.371,0.48200000000000004,0.853,0.49,0.18600000000000003,6.69,0.376
381,2020,5,LG,6.17,0.366,0.46799999999999997,0.8340000000000001,0.54,0.174,6.08,0.369
382,2020,5,왍,6.04,0.361,0.444,0.805,0.55,0.145,5.52,0.358
383,2020,5,KIA,4.75,0.35200000000000004,0.41100000000000003,0.763,0.57,0.135,5.21,0.344
384,2020,5,Hero,5.67,0.35100000000000003,0.419,0.77,0.55,0.151,5.47,0.34600000000000003
385,2020,5,온,4.39,0.32899999999999996,0.36700000000000005,0.696,0.54,0.11199999999999999,4.32,0.318
386,2020,5,KT,6.39,0.361,0.47,0.831,0.44,0.16399999999999998,6.3,0.36700000000000005
387,2020,5,庸,5.17,0.32799999999999996,0.39299999999999996,0.721,0.53,0.142,4.44,0.324
388,2020,5,SK,4.17,0.319,0.366,0.685,0.47,0.12300000000000001,3.86,0.311
389,2020,5,홛,3.58,0.308,0.348,0.6559999999999999,0.38,0.106,3.46,0.3
390,2020,6,Hero,5.84,0.359,0.447,0.8059999999999999,0.58,0.18,5.86,0.358
391,2020,6,庸,4.92,0.331,0.39899999999999997,0.73,0.41,0.132,4.62,0.32899999999999996
392,2020,6,NC,6.42,0.36200000000000004,0.486,0.848,0.49,0.196,6.27,0.373
393,2020,6,KIA,4.95,0.336,0.41700000000000004,0.753,0.49,0.151,4.67,0.337
394,2020,6,왍,6.24,0.36700000000000005,0.447,0.8140000000000001,0.67,0.157,5.99,0.36200000000000004
395,2020,6,온,5.04,0.35,0.415,0.765,0.55,0.129,5.18,0.342
396,2020,6,LG,4.8,0.336,0.385,0.721,0.43,0.10099999999999999,4.59,0.324
397,2020,6,KT,5.12,0.34700000000000003,0.425,0.772,0.47,0.153,5.4,0.344
398,2020,6,SK,3.28,0.306,0.34299999999999997,0.649,0.44,0.10800000000000001,3.53,0.297
399,2020,6,홛,3.5,0.311,0.326,0.637,0.4,0.087,3.48,0.295
400,2020,7,KT,5.7,0.35700000000000004,0.451,0.8079999999999999,0.44,0.161,5.68,0.359
401,2020,7,NC,5.6,0.33299999999999996,0.43700000000000006,0.77,0.46,0.162,5.13,0.341
402,2020,7,KIA,5.76,0.373,0.435,0.8079999999999999,0.6,0.14300000000000002,5.91,0.363
403,2020,7,왍,5.85,0.379,0.445,0.8240000000000001,0.66,0.129,6.27,0.369
404,2020,7,SK,4.8,0.335,0.391,0.726,0.47,0.13,4.58,0.327
405,2020,7,庸,5.84,0.37799999999999995,0.452,0.83,0.56,0.142,6.06,0.371
406,2020,7,온,5.4,0.354,0.413,0.767,0.58,0.132,5.09,0.34600000000000003
407,2020,7,LG,5.5,0.33799999999999997,0.42,0.758,0.5,0.157,4.97,0.33899999999999997
408,2020,7,Hero,4.86,0.354,0.41600000000000004,0.77,0.57,0.142,5.27,0.34600000000000003
409,2020,7,홛,3.05,0.31,0.308,0.618,0.52,0.083,3.06,0.28800000000000003
