,¿¬µµ,ÆÀ¸í,Æò±ÕÀÚÃ¥Á¡,°æ±â,½Â¸®,ÆÐ¹è,¼¼ÀÌºê,È¦µå,½Â·ü,ÀÌ´×,ÇÇ¾ÈÅ¸,È¨·±,º¼³Ý,»ç±¸,»ïÁø,½ÇÁ¡,ÀÚÃ¥Á¡,ÀÌ´×´çÃâ·çÇã¿ë·ü,¿ÏÅõ,¿ÏºÀ,QS,ºí·Ð,Å¸ÀÚ¼ö,Åõ±¸¼ö,ÇÇ¾ÈÅ¸À²,2·çÅ¸,3·çÅ¸,Èñ»ý¹øÆ®,Èñ»ýÇÃ¶óÀÌ,°íÀÇ4±¸,ÆøÅõ,º¸Å©
0,2001,Çö´ë,4.34,133,72,57,39,23,0.558,1183,1250,98,531,54,757,628,570,1.51,6,3,56,0,5218,20097,0.277,219,26,78,37,8,54,1
1,2001,SK,4.38,133,60,71,33,22,0.458,1171,1148,155,508,65,908,640,570,1.41,11,8,61,0,5110,19710,0.259,217,9,76,34,31,54,1
2,2001,»ï¼º,4.39,133,81,52,43,20,0.609,1187,1195,132,561,61,844,644,579,1.48,7,6,51,0,5243,20128,0.265,207,13,76,37,20,38,8
3,2001,·Ôµ¥,4.68,133,59,70,33,28,0.457,1171,1238,128,523,61,790,670,609,1.50,0,3,43,0,5189,19593,0.276,251,22,86,38,23,53,2
4,2001,ÇÑÈ­,4.82,133,61,68,25,33,0.473,1185,1288,142,541,66,813,733,634,1.54,7,5,49,0,5331,20774,0.280,238,26,73,45,44,57,5
5,2001,µÎ»ê,4.96,133,65,63,35,40,0.508,1180,1290,128,546,60,799,733,650,1.56,1,3,27,0,5282,20071,0.284,196,23,85,48,17,47,0
6,2001,KIA,5.01,133,60,68,28,16,0.469,1178,1231,160,499,79,743,727,656,1.47,10,6,35,0,5207,19799,0.272,212,16,71,36,17,51,3
7,2001,LG,5.09,133,58,67,26,27,0.464,1184,1253,127,647,69,765,732,670,1.60,0,3,43,0,5380,21119,0.277,204,23,99,46,43,52,6
8,2002,»ï¼º,3.92,133,82,47,37,22,0.636,1197,1182,148,385,74,987,581,521,1.31,2,8,45,0,5089,19535,0.262,214,22,80,33,16,45,3
9,2002,KIA,3.92,133,78,51,38,30,0.605,1195,1185,151,370,97,862,580,520,1.30,10,7,55,0,5106,19112,0.260,159,12,54,34,14,55,2
10,2002,LG,3.93,133,66,61,32,40,0.520,1190,1119,135,501,100,896,575,520,1.36,2,9,38,0,5145,20432,0.252,185,19,74,26,30,40,5
11,2002,µÎ»ê,3.93,133,66,65,38,43,0.504,1183,1139,99,479,60,954,562,517,1.37,3,6,60,0,5087,19237,0.257,187,23,77,33,30,44,2
12,2002,Çö´ë,4.23,133,70,58,38,36,0.547,1186,1219,142,416,64,890,614,558,1.38,3,6,49,0,5131,19927,0.268,230,10,64,32,12,54,5
13,2002,SK,4.47,133,61,69,25,15,0.469,1179,1150,176,402,78,948,638,586,1.32,5,7,54,0,5074,19578,0.255,209,15,55,23,34,34,3
14,2002,·Ôµ¥,4.72,133,35,97,13,19,0.265,1168,1269,130,443,83,775,710,612,1.47,5,7,49,0,5156,19635,0.281,266,28,70,45,16,40,1
15,2002,ÇÑÈ­,4.79,133,59,69,32,32,0.461,1184,1254,146,392,102,953,672,631,1.39,8,5,54,0,5198,20061,0.272,229,25,62,38,29,42,4
16,2003,KIA,3.62,133,78,50,36,34,0.609,1178,1092,137,414,101,820,527,474,1.28,12,10,65,0,4999,19162,0.250,178,10,88,30,12,42,1
17,2003,LG,3.98,133,60,71,37,51,0.458,1169,1201,120,531,60,794,579,517,1.48,2,10,48,0,5166,20403,0.271,185,23,116,34,27,49,2
18,2003,Çö´ë,4.13,133,80,51,39,43,0.611,1190,1245,120,457,62,840,627,546,1.43,2,4,58,0,5197,20181,0.273,229,17,92,33,6,56,2
19,2003,µÎ»ê,4.24,133,57,74,30,53,0.435,1175,1194,105,464,79,654,619,554,1.41,7,7,52,0,5144,19144,0.268,208,18,105,43,22,37,3
20,2003,»ï¼º,4.37,133,76,53,30,41,0.589,1183,1199,133,494,59,808,613,574,1.43,2,5,45,0,5150,19834,0.268,222,24,95,29,15,46,3
21,2003,ÇÑÈ­,4.37,133,63,65,35,31,0.492,1192,1184,142,437,68,772,617,579,1.36,4,8,54,0,5165,19888,0.261,222,14,82,45,14,53,9
22,2003,SK,4.44,133,66,64,43,48,0.508,1181,1190,135,497,83,759,642,583,1.43,3,10,44,0,5158,19830,0.267,212,21,84,32,19,42,2
23,2003,·Ôµ¥,5.01,133,39,91,22,58,0.300,1164,1302,171,435,93,647,709,648,1.49,3,4,44,0,5173,19413,0.289,259,22,93,40,16,36,3
24,2004,»ï¼º,3.76,133,73,52,42,74,0.584,1196,1092,118,505,85,994,564,500,1.33,4,9,52,0,5138,20237,0.247,181,13,87,34,17,43,6
25,2004,µÎ»ê,3.88,133,70,62,38,47,0.530,1177,1144,95,457,75,799,560,508,1.36,4,12,54,0,5056,19198,0.260,177,15,84,40,18,49,3
26,2004,Çö´ë,4.06,133,75,53,36,32,0.586,1187,1193,123,440,59,842,590,535,1.38,3,8,70,0,5135,20159,0.263,232,16,69,25,0,41,4
27,2004,·Ôµ¥,4.22,133,50,72,29,46,0.410,1190,1216,109,449,76,753,608,558,1.40,4,8,49,0,5160,19578,0.272,220,13,105,53,41,43,3
28,2004,LG,4.31,133,59,70,35,64,0.457,1164,1235,116,543,64,783,637,557,1.53,3,6,46,0,5180,20349,0.277,207,17,76,42,31,55,1
29,2004,SK,4.40,133,61,64,29,49,0.488,1186,1173,116,538,110,891,644,580,1.44,3,6,39,0,5216,20469,0.263,208,13,79,25,18,57,8
30,2004,KIA,4.51,133,67,61,27,24,0.523,1183,1198,119,496,120,773,637,593,1.43,5,9,49,0,5199,19717,0.268,213,22,77,39,13,48,1
31,2004,ÇÑÈ­,5.21,133,53,74,37,36,0.417,1180,1290,170,455,92,699,750,683,1.48,3,0,48,0,5267,19697,0.282,215,12,95,44,18,47,2
32,2005,SK,3.41,126,70,50,27,50,0.583,1137,1005,103,422,99,843,485,431,1.26,2,10,50,0,4822,18822,0.240,160,11,88,23,14,31,1
33,2005,µÎ»ê,3.42,126,72,51,33,51,0.585,1125,1038,90,440,77,818,465,427,1.31,2,14,55,0,4774,18006,0.251,148,6,82,33,13,56,2
34,2005,»ï¼º,3.83,126,74,48,37,62,0.607,1129,1026,109,387,79,875,528,480,1.25,2,7,40,0,4791,18580,0.244,197,21,93,23,11,49,5
35,2005,·Ôµ¥,4.30,126,58,67,33,24,0.464,1120,1097,91,408,89,817,573,535,1.34,2,6,58,0,4845,18373,0.260,191,17,98,26,41,44,1
36,2005,ÇÑÈ­,4.41,126,64,61,36,43,0.512,1111,1193,111,389,88,662,603,545,1.42,2,6,55,0,4870,18413,0.279,187,16,79,45,9,35,2
37,2005,Çö´ë,4.68,126,53,70,28,22,0.431,1115,1175,125,422,80,803,647,580,1.43,2,9,47,0,4930,18926,0.273,205,21,85,33,2,43,3
38,2005,KIA,4.81,126,49,76,24,26,0.392,1105,1166,138,510,119,786,659,591,1.52,8,5,41,0,4975,19287,0.276,200,7,91,33,16,59,3
39,2005,LG,4.90,126,54,71,31,59,0.432,1102,1212,109,480,80,781,666,600,1.53,3,7,50,0,4969,19542,0.283,200,18,88,40,27,48,5
40,2006,KIA,3.33,126,64,59,35,29,0.520,1118,998,73,442,78,735,451,414,1.29,2,9,49,8,4725,18216,0.243,172,7,81,23,17,44,2
41,2006,»ï¼º,3.33,126,73,50,49,65,0.593,1118,1030,100,365,63,781,471,414,1.25,1,15,56,9,4699,18038,0.249,185,10,98,28,9,21,7
42,2006,ÇÑÈ­,3.35,126,67,57,41,47,0.540,1121,1077,94,373,49,760,475,418,1.29,11,14,56,10,4731,17764,0.257,166,11,94,18,17,37,2
43,2006,µÎ»ê,3.36,126,63,60,39,29,0.512,1115,968,69,424,69,834,467,416,1.25,7,10,67,8,4690,17927,0.240,158,18,117,47,13,55,1
44,2006,Çö´ë,3.41,126,70,55,41,45,0.560,1114,1053,69,394,71,816,467,422,1.30,2,15,67,8,4771,18458,0.251,172,18,82,23,0,39,0
45,2006,SK,3.80,126,60,65,33,52,0.480,1124,1071,85,446,83,701,535,475,1.35,0,6,47,11,4819,18300,0.259,172,11,119,33,24,26,2
46,2006,·Ôµ¥,3.86,126,50,73,28,34,0.407,1118,1128,83,410,60,637,541,480,1.37,5,9,64,18,4822,18088,0.268,210,12,100,38,30,30,1
47,2006,LG,4.22,126,47,75,29,53,0.385,1110,1144,87,439,60,625,574,521,1.43,3,10,51,12,4834,18397,0.273,188,22,115,33,23,41,3
48,2007,SK,3.24,126,73,48,36,77,0.603,1139,1079,77,445,67,650,465,410,1.34,1,10,58,9,4852,18425,0.256,141,7,94,32,27,28,1
49,2007,µÎ»ê,3.44,126,70,54,30,42,0.565,1131,1067,74,399,75,721,480,432,1.30,6,14,57,11,4814,18464,0.252,187,17,79,34,24,43,4
50,2007,ÇÑÈ­,3.54,126,67,57,39,36,0.540,1119,1084,84,451,53,741,481,440,1.37,9,5,66,11,4781,18314,0.261,182,6,82,36,24,38,4
51,2007,»ï¼º,3.71,126,62,60,41,51,0.508,1131,1091,90,400,58,719,509,466,1.32,0,11,42,6,4824,18606,0.258,187,20,94,46,7,35,5
52,2007,·Ôµ¥,4.12,126,55,68,22,24,0.447,1120,1164,93,414,69,704,554,513,1.41,2,9,59,12,4871,18425,0.274,184,19,95,43,40,46,4
53,2007,LG,4.33,126,58,62,34,58,0.483,1135,1181,63,514,52,630,600,547,1.49,2,9,58,16,5014,19341,0.275,215,27,105,55,21,48,2
54,2007,Çö´ë,4.41,126,56,69,27,46,0.448,1127,1104,119,466,48,796,615,552,1.39,1,2,44,11,4906,18861,0.259,192,21,91,32,20,32,4
55,2007,KIA,4.49,126,51,74,26,27,0.408,1109,1109,103,526,97,670,602,554,1.47,2,6,43,6,4933,18852,0.266,244,17,93,39,28,60,7
56,2008,SK,3.22,126,83,43,43,72,0.659,1151,1053,78,448,55,801,461,412,1.30,1,10,52,16,4855,18607,0.248,127,14,70,32,13,35,2
57,2008,·Ôµ¥,3.64,126,69,57,27,38,0.548,1119,1134,70,409,47,671,518,453,1.38,9,5,68,11,4769,17361,0.270,196,22,78,40,32,42,2
58,2008,µÎ»ê,3.89,126,70,56,26,37,0.556,1134,1115,78,379,69,780,542,490,1.32,0,8,41,13,4857,18259,0.259,192,29,66,45,13,45,5
59,2008,KIA,4.08,126,57,69,29,26,0.452,1124,1078,65,473,77,733,555,510,1.38,3,9,58,9,4850,18391,0.256,180,19,50,42,9,52,5
60,2008,»ï¼º,4.40,126,65,61,40,48,0.516,1123,1184,87,416,43,703,596,549,1.42,0,6,27,7,4867,18532,0.275,209,18,54,41,4,49,4
61,2008,ÇÑÈ­,4.43,126,64,62,36,39,0.508,1129,1136,95,519,49,723,595,556,1.47,3,5,44,10,4911,18991,0.269,174,16,74,46,28,37,4
62,2008,¿ì¸®,4.43,126,50,76,29,36,0.397,1125,1159,91,465,70,729,609,554,1.44,4,10,57,15,4933,18768,0.269,209,29,52,39,20,46,2
63,2008,LG,4.85,126,46,80,25,40,0.365,1108,1239,82,480,72,631,646,597,1.55,1,9,42,10,4976,18608,0.288,225,41,77,39,4,46,3
64,2009,SK,3.67,133,80,47,33,34,0.630,1213,1141,130,519,54,1032,550,494,1.37,2,4,54,10,5203,20394,0.252,154,17,64,31,34,68,3
65,2009,KIA,3.92,133,81,48,38,36,0.628,1199,1178,108,441,83,893,581,522,1.35,4,10,62,14,5176,19699,0.258,214,17,52,34,22,22,2
66,2009,µÎ»ê,4.60,133,71,60,32,59,0.542,1186,1221,120,515,75,862,662,607,1.46,1,6,27,15,5205,19936,0.272,222,28,73,47,7,55,3
67,2009,·Ôµ¥,4.75,133,66,67,40,37,0.496,1162,1290,139,487,67,722,669,613,1.53,6,13,52,6,5165,18777,0.287,241,14,67,42,35,49,3
68,2009,»ï¼º,4.98,133,64,69,32,45,0.481,1163,1226,141,609,56,905,700,644,1.58,3,2,45,13,5209,20355,0.278,225,24,80,51,9,67,1
69,2009,È÷¾î·ÎÁî,5.40,133,60,72,29,32,0.455,1174,1231,176,565,61,840,762,705,1.53,0,5,44,14,5221,20576,0.274,251,15,73,33,19,51,5
70,2009,LG,5.42,133,54,75,25,38,0.419,1175,1316,165,585,91,777,763,707,1.62,0,3,44,11,5339,20615,0.290,241,20,85,43,10,56,1
71,2009,ÇÑÈ­,5.70,133,46,84,16,34,0.354,1174,1335,176,569,77,908,805,743,1.62,4,2,32,9,5346,20758,0.292,205,23,65,56,28,56,5
72,2010,SK,3.71,133,84,47,36,39,0.641,1198,1074,117,543,47,1091,545,494,1.35,2,11,53,9,5114,20297,0.243,155,17,85,22,27,80,2
73,2010,»ï¼º,3.94,133,79,52,33,44,0.603,1193,1168,103,453,54,951,575,523,1.36,2,7,35,12,5119,19811,0.260,203,20,84,38,11,61,3
74,2010,KIA,4.39,133,59,74,25,40,0.444,1183,1227,93,468,81,885,641,577,1.43,4,7,54,26,5205,20067,0.272,232,14,102,35,19,53,4
75,2010,³Ø¼¾,4.55,133,52,78,27,39,0.400,1185,1162,122,614,95,832,652,599,1.50,1,2,42,12,5231,21053,0.265,201,16,93,48,17,66,3
76,2010,µÎ»ê,4.62,133,73,57,30,56,0.562,1179,1190,135,437,85,888,669,606,1.38,2,7,50,12,5131,19681,0.266,194,23,89,47,6,58,2
77,2010,·Ôµ¥,4.82,133,69,61,21,37,0.531,1194,1291,149,419,78,779,710,640,1.43,7,6,63,14,5204,19218,0.282,227,20,89,37,41,49,3
78,2010,LG,5.23,133,57,71,31,59,0.445,1188,1279,125,560,104,793,746,690,1.55,3,8,34,19,5326,20443,0.284,209,14,106,52,23,74,6
79,2010,ÇÑÈ­,5.43,133,49,82,24,28,0.374,1169,1290,146,551,72,806,763,705,1.57,6,6,46,9,5267,20322,0.286,229,14,85,41,17,65,5
80,2011,»ï¼º,3.35,133,79,50,48,74,0.612,1196,1191,92,395,38,841,513,445,1.33,1,12,65,8,5077,19378,0.263,183,19,87,30,8,40,5
81,2011,SK,3.59,133,71,59,37,63,0.546,1192,1001,93,541,65,1006,522,476,1.29,1,9,34,15,5032,20130,0.233,149,16,99,35,24,64,3
82,2011,KIA,4.10,133,70,63,29,37,0.526,1163,1117,87,457,76,920,580,530,1.35,7,10,59,10,4991,19327,0.257,207,18,92,25,14,51,6
83,2011,LG,4.15,133,59,72,30,50,0.450,1193,1173,80,512,71,827,620,550,1.41,2,11,57,15,5209,19771,0.261,206,28,98,34,20,52,6
84,2011,·Ôµ¥,4.20,133,72,56,27,45,0.563,1187,1256,113,430,58,787,619,554,1.42,3,6,67,15,5114,19624,0.280,202,13,102,31,19,62,4
85,2011,µÎ»ê,4.26,133,61,70,34,46,0.466,1188,1231,96,476,75,855,619,563,1.44,4,7,51,12,5170,20081,0.276,198,30,110,45,19,70,6
86,2011,³Ø¼¾,4.36,133,51,80,30,66,0.389,1171,1167,81,601,76,830,622,568,1.51,0,10,44,13,5195,20610,0.268,194,20,115,46,16,73,1
87,2011,ÇÑÈ­,5.11,133,59,72,26,36,0.450,1175,1273,128,524,55,938,727,667,1.53,4,6,44,12,5280,20442,0.278,223,18,79,44,10,91,2
88,2012,»ï¼º,3.39,133,80,51,39,71,0.611,1187,1085,65,384,37,885,473,448,1.24,3,13,67,5,4941,19074,0.247,196,21,82,43,14,46,5
89,2012,·Ôµ¥,3.48,133,65,62,39,63,0.512,1190,1145,74,469,53,825,518,460,1.36,3,9,57,15,5070,19536,0.259,162,7,96,30,20,65,1
90,2012,µÎ»ê,3.58,133,68,62,38,47,0.523,1193,1053,66,491,57,802,519,475,1.29,9,12,80,14,5012,19215,0.243,198,23,99,34,17,57,4
91,2012,SK,3.82,133,71,59,40,69,0.546,1181,1114,90,457,70,814,528,502,1.33,0,10,54,15,5007,19078,0.256,201,19,92,32,26,35,7
92,2012,³Ø¼¾,3.83,133,61,69,36,34,0.469,1187,1131,80,535,74,853,551,505,1.40,3,6,64,11,5116,19743,0.259,202,18,104,43,9,62,0
93,2012,KIA,3.90,133,62,65,27,33,0.488,1183,1161,69,452,68,822,564,513,1.36,11,15,74,18,5101,19344,0.262,229,23,112,38,13,56,6
94,2012,LG,4.02,133,57,72,35,64,0.442,1202,1235,65,422,71,735,580,537,1.38,1,11,48,10,5188,19186,0.272,203,35,116,41,23,57,6
95,2012,ÇÑÈ­,4.55,133,53,77,29,54,0.408,1172,1148,106,488,68,936,647,593,1.40,3,6,60,12,5092,19601,0.263,186,14,121,47,18,82,3
96,2013,LG,3.72,128,74,54,42,86,0.578,1134,1131,74,406,87,822,510,469,1.35,4,9,55,11,4848,18714,0.266,183,20,59,38,27,46,2
97,2013,·Ôµ¥,3.93,128,66,58,38,64,0.532,1149,1148,84,489,62,820,553,502,1.42,1,11,68,21,4986,19418,0.267,180,13,94,36,15,45,0
98,2013,NC,3.96,128,52,72,26,31,0.419,1144,1077,96,458,94,857,551,503,1.34,5,5,74,21,4919,19087,0.254,176,15,84,50,13,60,6
99,2013,»ï¼º,3.98,128,75,51,31,49,0.595,1146,1119,98,411,60,955,545,507,1.33,2,5,70,7,4896,19250,0.259,194,21,70,29,12,44,4
100,2013,³Ø¼¾,4.12,128,72,54,50,70,0.571,1146,1160,75,503,84,860,576,525,1.45,0,7,53,12,4996,19638,0.270,202,21,71,37,8,52,3
101,2013,SK,4.16,128,62,63,31,38,0.496,1139,1091,101,505,70,878,571,527,1.40,4,8,65,17,4932,19108,0.257,217,12,75,42,15,66,5
102,2013,µÎ»ê,4.57,128,71,54,30,42,0.568,1150,1183,84,514,76,848,625,584,1.48,1,8,44,17,5043,19707,0.272,207,30,67,39,10,55,6
103,2013,KIA,5.12,128,51,74,32,50,0.408,1142,1307,88,532,76,923,711,650,1.61,2,3,48,12,5200,20309,0.293,259,28,79,48,12,73,6
104,2013,ÇÑÈ­,5.31,128,42,85,22,34,0.331,1129,1195,98,532,95,822,711,666,1.53,2,2,34,8,5073,19471,0.276,227,32,78,43,17,89,8
105,2014,NC,4.29,128,70,57,31,59,0.551,1135,1174,117,481,73,848,608,541,1.46,3,4,59,19,5003,19320,0.271,223,12,78,38,8,50,5
106,2014,»ï¼º,4.52,128,78,47,35,65,0.624,1144,1217,120,395,61,996,621,575,1.41,3,6,63,18,4990,19628,0.275,257,24,66,40,11,51,3
107,2014,LG,4.58,128,62,64,35,65,0.492,1142,1211,104,419,95,810,643,581,1.43,2,9,47,21,5028,19440,0.275,195,27,72,44,25,51,1
108,2014,·Ôµ¥,5.19,128,58,69,28,64,0.457,1133,1310,127,471,52,781,719,654,1.57,0,4,46,14,5092,19761,0.295,250,26,82,42,13,54,1
109,2014,³Ø¼¾,5.25,128,78,48,35,55,0.619,1131,1299,142,516,61,901,716,660,1.60,0,3,43,12,5107,20728,0.293,231,18,57,36,2,55,4
110,2014,µÎ»ê,5.43,128,59,68,19,61,0.465,1123,1311,121,450,58,840,733,678,1.57,4,2,42,14,5066,19670,0.295,243,29,63,55,4,56,4
111,2014,SK,5.51,128,61,65,26,44,0.484,1129,1271,153,522,68,837,760,692,1.59,2,3,41,15,5112,20141,0.287,239,21,60,36,19,67,1
112,2014,KIA,5.82,128,54,74,26,40,0.422,1121,1289,116,561,67,896,788,725,1.65,2,5,42,21,5143,20272,0.293,252,32,66,52,8,78,1
113,2014,ÇÑÈ­,6.35,128,49,77,26,30,0.389,1129,1451,162,537,81,748,889,796,1.76,2,3,37,11,5312,20365,0.318,265,48,69,59,14,83,3
114,2015,NC,4.26,144,84,57,37,55,0.596,1279,1283,149,436,113,1057,655,605,1.34,1,11,55,11,5536,21650,0.264,221,17,79,50,13,60,3
115,2015,LG,4.62,144,64,78,25,44,0.451,1279,1352,125,490,98,1063,721,657,1.44,3,5,57,15,5599,21661,0.277,227,26,91,37,30,82,3
116,2015,»ï¼º,4.69,144,88,56,34,60,0.611,1275,1323,182,423,64,1194,716,665,1.37,4,7,75,10,5523,21832,0.268,270,17,67,37,11,44,2
117,2015,SK,4.71,144,69,73,31,60,0.486,1280,1358,153,517,70,1149,724,670,1.46,3,7,57,12,5646,22190,0.275,270,11,77,38,31,71,4
118,2015,KIA,4.79,144,67,77,32,65,0.465,1273,1371,143,572,98,979,739,678,1.53,1,10,44,17,5673,22126,0.283,252,31,101,49,22,80,4
119,2015,³Ø¼¾,4.91,144,78,65,29,44,0.545,1286,1404,146,518,81,1066,790,701,1.49,1,7,49,11,5709,22181,0.281,236,28,70,45,8,85,4
120,2015,µÎ»ê,5.02,144,79,65,30,57,0.549,1286,1385,138,584,77,1064,776,718,1.53,3,10,58,18,5762,22557,0.280,248,22,104,45,15,72,11
121,2015,·Ôµ¥,5.07,144,66,77,19,47,0.462,1281,1461,164,489,87,1015,802,722,1.52,3,5,59,18,5724,22356,0.291,253,13,76,49,26,89,3
122,2015,ÇÑÈ­,5.11,144,68,76,32,44,0.472,1279,1349,157,648,96,920,800,727,1.56,5,7,37,14,5771,22825,0.275,232,12,82,45,38,85,9
123,2015,KT,5.56,144,52,91,16,31,0.364,1266,1518,154,577,87,1046,875,782,1.65,3,3,34,10,5799,22867,0.303,273,25,87,43,17,86,4
124,2016,µÎ»ê,4.45,144,93,50,36,55,0.650,1287,1385,136,498,77,982,682,636,1.46,2,7,75,15,5658,22155,0.279,246,30,59,51,7,66,4
125,2016,NC,4.48,144,83,58,36,62,0.589,1286,1314,137,516,86,1147,690,640,1.42,0,10,42,13,5643,22029,0.266,208,18,53,40,2,84,7
126,2016,SK,4.87,144,69,75,31,43,0.479,1274,1386,151,527,76,945,784,689,1.50,1,5,60,12,5659,21558,0.280,232,22,61,48,18,65,7
127,2016,³Ø¼¾,4.96,144,77,66,38,74,0.538,1280,1487,152,435,68,895,757,705,1.50,0,4,45,17,5684,21627,0.294,249,27,66,59,3,50,3
128,2016,KIA,4.97,144,70,73,38,74,0.490,1276,1456,131,561,59,965,785,705,1.58,7,5,58,21,5771,22527,0.290,230,23,75,54,18,69,7
129,2016,LG,5.04,144,71,71,34,75,0.500,1287,1426,122,539,109,909,807,721,1.53,2,5,53,16,5782,22100,0.284,243,23,64,56,27,84,1
130,2016,·Ôµ¥,5.63,144,66,78,27,59,0.458,1266,1486,161,585,78,1009,865,792,1.64,2,5,50,18,5785,22761,0.297,276,32,60,52,27,82,5
131,2016,»ï¼º,5.64,144,65,78,34,60,0.455,1282,1507,193,518,87,935,869,804,1.58,2,4,49,18,5799,22623,0.296,251,20,59,43,6,52,8
132,2016,ÇÑÈ­,5.76,144,66,75,24,39,0.468,1292,1520,155,634,76,976,908,827,1.67,1,2,25,13,5937,23157,0.299,230,15,81,59,23,72,6
133,2016,KT,5.92,144,53,89,27,48,0.373,1273,1593,145,560,84,980,927,838,1.69,1,2,38,15,5896,23328,0.310,315,38,73,45,9,77,9
134,2017,LG,4.30,144,69,72,32,66,0.489,1279,1305,124,379,102,1040,677,611,1.32,4,6,62,18,5507,21107,0.266,249,29,57,54,31,81,3
135,2017,µÎ»ê,4.38,144,84,57,35,46,0.596,1288,1405,125,464,87,956,678,627,1.45,3,9,69,13,5682,22169,0.280,234,31,77,39,11,54,4
136,2017,·Ôµ¥,4.56,144,80,62,39,59,0.563,1287,1357,162,477,79,1096,701,652,1.42,1,10,61,21,5634,21978,0.273,245,20,51,50,25,67,7
137,2017,NC,4.71,144,79,62,32,51,0.560,1284,1342,169,470,93,1097,745,673,1.41,1,10,48,11,5640,22176,0.269,208,9,63,29,12,93,3
138,2017,KIA,4.79,144,87,56,33,46,0.608,1290,1518,137,434,77,985,743,687,1.51,5,5,75,18,5748,22223,0.295,255,21,52,46,22,69,4
139,2017,SK,5.02,144,75,68,30,64,0.524,1270,1443,154,481,105,940,767,709,1.51,2,4,57,24,5692,21752,0.288,271,17,58,36,35,61,7
140,2017,³Ø¼¾,5.03,144,69,73,40,66,0.486,1271,1488,149,388,97,1005,764,710,1.48,2,5,60,18,5663,21258,0.292,280,21,47,40,10,56,3
141,2017,ÇÑÈ­,5.28,144,61,81,31,49,0.430,1273,1474,166,446,100,914,820,747,1.51,1,5,54,21,5698,22066,0.293,278,16,71,57,13,77,4
142,2017,KT,5.75,144,50,94,22,41,0.347,1256,1524,174,433,95,913,876,803,1.56,4,7,49,18,5702,21518,0.301,283,27,68,49,11,77,6
143,2017,»ï¼º,5.88,144,55,84,27,34,0.396,1281,1541,187,548,118,1063,911,837,1.63,1,3,43,12,5916,23196,0.300,281,28,56,59,15,74,4
144,2018,SK,4.67,144,78,65,29,63,0.545,1274,1353,189,425,74,1130,729,662,1.39,0,7,60,21,5563,21347,0.271,232,17,39,24,15,62,2
145,2018,ÇÑÈ­,4.93,144,77,67,37,62,0.535,1274,1394,164,472,89,1124,761,698,1.46,0,5,45,13,5637,22342,0.279,246,13,29,46,9,78,7
146,2018,µÎ»ê,4.98,144,93,51,41,56,0.646,1288,1401,154,476,109,1025,756,713,1.46,1,9,73,17,5700,21946,0.279,266,16,42,43,17,72,2
147,2018,³Ø¼¾,5.08,144,75,69,32,72,0.521,1282,1442,178,416,98,1021,780,723,1.45,4,2,63,23,5646,21381,0.285,252,18,41,33,13,59,4
148,2018,»ï¼º,5.19,144,68,72,33,56,0.486,1285,1477,185,441,107,1114,802,741,1.49,0,5,58,17,5740,22530,0.289,291,18,40,43,10,45,5
149,2018,LG,5.29,144,68,75,29,43,0.476,1268,1434,159,453,89,1058,816,746,1.49,3,7,64,17,5677,21711,0.285,266,19,45,50,13,72,4
150,2018,KT,5.34,144,59,82,24,45,0.418,1274,1580,194,409,84,1025,834,756,1.56,4,5,59,18,5743,21948,0.307,272,23,56,43,25,63,1
151,2018,·Ôµ¥,5.37,144,68,74,29,64,0.479,1283,1410,166,548,73,1164,846,766,1.53,0,6,43,22,5788,22871,0.279,295,26,63,43,23,65,7
152,2018,KIA,5.40,144,70,74,26,43,0.486,1270,1511,181,445,69,1017,826,763,1.54,4,5,50,20,5708,21852,0.297,271,17,47,51,28,65,3
153,2018,NC,5.48,144,58,85,24,51,0.406,1264,1443,186,537,68,1010,844,769,1.57,1,4,45,20,5701,22506,0.289,248,20,45,51,17,92,6
154,2019,SK,3.48,144,88,55,51,92,0.615,1292,1240,99,436,50,1092,546,500,1.30,0,19,78,8,5463,20930,0.254,176,14,48,44,12,50,4
155,2019,µÎ»ê,3.51,144,88,55,44,69,0.615,1283,1259,78,380,70,860,550,500,1.28,3,10,81,16,5434,20630,0.257,231,22,41,53,22,48,5
156,2019,Å°¿ò,3.61,144,86,57,39,91,0.601,1279,1293,61,371,58,984,572,513,1.30,2,12,76,11,5427,20160,0.263,244,24,42,39,3,45,6
157,2019,LG,3.86,144,79,64,43,62,0.552,1283,1257,89,499,91,953,633,551,1.37,1,9,73,13,5555,20969,0.258,223,23,40,48,15,64,1
158,2019,NC,4.01,144,73,69,32,68,0.514,1284,1285,103,483,92,991,631,572,1.38,5,8,60,17,5578,21407,0.262,199,19,41,54,10,68,2
159,2019,KT,4.29,144,71,71,37,59,0.500,1277,1303,118,481,61,848,661,608,1.40,2,10,62,9,5533,20662,0.266,225,25,47,42,17,50,6
160,2019,»ï¼º,4.64,144,60,83,29,60,0.420,1275,1332,125,523,70,924,731,658,1.45,4,8,54,15,5638,21721,0.269,253,37,40,56,9,49,5
161,2019,KIA,4.65,144,62,80,30,64,0.437,1264,1362,101,504,76,976,723,653,1.48,3,11,59,13,5614,21353,0.276,257,24,35,61,17,51,2
162,2019,ÇÑÈ­,4.80,144,58,86,28,43,0.403,1268,1407,120,526,72,934,737,677,1.52,2,8,48,17,5656,21848,0.283,238,19,44,44,9,66,4
163,2019,·Ôµ¥,4.83,144,48,93,16,47,0.340,1271,1407,120,546,71,1033,764,682,1.54,1,8,47,17,5729,21946,0.282,242,20,58,64,33,103,4
164,2020,KIA,4.24,66,37,29,15,33,0.561,579,581,50,206,24,495,300,273,1.36,1,2,28,5,2481,9649,0.263,107,15,24,21,3,28,4
165,2020,NC,4.40,67,44,21,16,36,0.677,607,566,72,243,32,497,313,297,1.33,0,5,39,11,2596,10193,0.248,91,4,22,16,5,34,4
166,2020,»ï¼º,4.54,68,34,34,13,40,0.500,597,612,72,247,33,422,337,301,1.44,1,7,26,6,2614,10335,0.267,111,9,20,23,7,20,2
167,2020,LG,4.65,68,36,31,14,28,0.537,609,663,65,220,36,473,349,315,1.45,1,7,37,9,2684,10133,0.278,122,8,17,29,7,19,2
168,2020,Å°¿ò,4.73,70,39,31,17,34,0.557,617,669,68,195,34,454,353,324,1.40,0,2,27,10,2671,10242,0.278,101,9,19,17,3,26,6
169,2020,·Ôµ¥,4.80,66,32,34,12,35,0.485,590,613,76,215,23,452,342,315,1.40,0,7,25,9,2558,9881,0.271,106,5,25,29,9,40,1
170,2020,SK,4.85,69,24,44,12,32,0.353,606,625,61,293,35,475,361,327,1.51,0,2,29,13,2702,10685,0.268,114,8,21,20,4,44,2
171,2020,µÎ»ê,4.90,68,40,28,15,23,0.588,606,696,50,222,26,451,368,330,1.51,0,2,31,5,2706,10518,0.288,139,12,19,26,9,26,1
172,2020,KT,5.29,68,34,33,12,25,0.507,605,661,69,239,30,399,375,356,1.49,0,1,29,13,2678,10179,0.279,105,3,19,23,8,32,1
173,2020,ÇÑÈ­,5.54,70,17,52,7,22,0.246,609,715,84,283,43,531,417,375,1.64,1,1,20,10,2818,11043,0.293,122,14,27,24,15,38,3
